fecha_extraccion,external_id,titulo,precio_usd,ubicacion,categoria,subcategoria,link
2026-09-28 15:37:19,466,Llave de Local de Cortinas,60000.0,"Unión, Montevideo",Industria y Manufactura,Productos para el Hogar,https://negozona.com.uy/anuncios/466
2026-09-28 15:37:17,1375,Empresa de Equipos Médicos,47500.0,"Punta del Este, Maldonado",Salud,Equipamiento Medico,https://negozona.com.uy/anuncios/1375
2026-09-28 15:37:19,807,"Venta Metalurgica, Importadora y Fabricación",,"Centro, Montevideo",Industria y Manufactura,Metalúrgicas,https://negozona.com.uy/anuncios/807
2026-09-28 15:37:26,1127,Industria Química y Laboratorio,1350000.0,"Aguada, Montevideo",Industria y Manufactura,Farmaceutica / Droguería,https://negozona.com.uy/anuncios/1127
2026-09-28 15:37:17,426,Venta de Reconocida Pizzeria en Parque Rodó,60000.0,"Parque Rodó, Montevideo",Gastronomía,Pizzerias,https://negozona.com.uy/anuncios/426
2026-09-28 15:37:14,770,VENTA DE NEGOCIO DE DONAS EN MARCHA,30000.0,"Brazo Oriental, Montevideo",Gastronomía,Café,https://negozona.com.uy/anuncios/770
2026-09-28 15:37:19,584,Venta del 50% de Negocio de Poliuretano,30000.0,"Carrasco, Montevideo",Industria y Manufactura,Constructoras,https://negozona.com.uy/anuncios/584
2026-09-28 15:37:12,955,Venta de Fábrica de Film Stretch y Conos de C,,"Cerrito de la Victoria, Montevideo",Industria y Manufactura,Packaging,https://negozona.com.uy/anuncios/955
2026-09-28 15:37:17,1149,Cafetería Rentable en Funcionamiento,30000.0,"Cordón, Montevideo",Gastronomía,Café,https://negozona.com.uy/anuncios/1149
2026-09-28 15:37:26,1128,LLAVE DE LOCAL SOBRE MILLAN Y L.A DE HERRERA,45000.0,"Prado, Montevideo",Industria y Manufactura,Otros,https://negozona.com.uy/anuncios/1128
2026-09-28 15:37:12,951,Food Truck Pizza en Cono,26500.0,"Dolores, Soriano",Gastronomía,FoodTrucks,https://negozona.com.uy/anuncios/951
2026-09-28 15:37:21,634,Venta Negocio Cortinas en Funcionamiento,45000.0,"Unión, Montevideo",Hogar y Exteriores,Aberturas,https://negozona.com.uy/anuncios/634
2026-09-28 15:37:19,586,Traspaso de Dos Heladerias y Fabrica,120000.0,"Atlántida, Canelones",Gastronomía,Heladería,https://negozona.com.uy/anuncios/586
2026-09-28 15:37:28,1168,IMPORTADORA DE MOVILIDAD ELÉCTRICA Y TALLER,60000.0,"Aguada, Montevideo",Automóviles y Rodados,Taller Mecánico,https://negozona.com.uy/anuncios/1168
2026-09-28 15:37:26,628,Oportunidad| Fabrica de Cortinas de Enrollar,250000.0,"Malvín, Montevideo",Hogar y Exteriores,Mueblería,https://negozona.com.uy/anuncios/628
2026-09-28 15:37:14,565,Venta Llave Negocio!,48000.0,"Bella Vista, Montevideo",Gastronomía,Bar,https://negozona.com.uy/anuncios/565
2026-09-28 15:37:24,894,Empresa de Bolsones,1500000.0,"La Teja, Montevideo",Industria y Manufactura,Materiales de Construcción,https://negozona.com.uy/anuncios/894
2026-09-28 15:37:21,305,Barbería en El Prado,25000.0,"Prado, Montevideo",Servicios,Peluquerias,https://negozona.com.uy/anuncios/305
2026-09-28 15:37:26,798,Fábrica de Piscinas en Venta!,120000.0,"Pando, Canelones",Hogar y Exteriores,Jardines y Exteriores,https://negozona.com.uy/anuncios/798
2026-09-28 15:37:16,588,Excelente Oportunidad para Emprendedores,,"Tres Cruces, Montevideo",Industria y Manufactura,Otros,https://negozona.com.uy/anuncios/588
2026-09-28 15:37:21,1036,VENTA DE LLAVE LOCAL GASTRONOMICO,15000.0,"Salto, Salto",Gastronomía,Otros,https://negozona.com.uy/anuncios/1036
2026-09-28 15:37:19,969,Venta de Artesanales Los Nikitos,18000.0,"San Jacinto, Canelones",Gastronomía,Productos regionales,https://negozona.com.uy/anuncios/969
2026-09-28 15:37:24,976,Llaves de Lavadero,7000.0,"Pocitos, Montevideo",Servicios,Lavanderías,https://negozona.com.uy/anuncios/976
2026-09-28 15:37:24,410,Negocio de Delivery Gastronómico,20000.0,"Pocitos, Montevideo",Gastronomía,Pizzerias,https://negozona.com.uy/anuncios/410
2026-09-28 15:37:16,1290,Oportunidad!! Venta de Restaurante!,40000.0,"Centro, Montevideo",Gastronomía,Restaurantes,https://negozona.com.uy/anuncios/1290
2026-09-28 15:37:19,632,Comercio Exterior Especializado,1500000.0,"Punta del Este, Maldonado",Salud,Otros,https://negozona.com.uy/anuncios/632
2026-09-28 15:37:13,1297,Llave de Panadería en Barros Blancos!,30000.0,"Barros Blancos, Canelones",Alimentos y Bebidas,Panaderías,https://negozona.com.uy/anuncios/1297
2026-09-28 15:37:09,861,Reparto de Frutas y Verduras,12490.0,"Bella Vista, Montevideo",Alimentos y Bebidas,Verdulerias,https://negozona.com.uy/anuncios/861
2026-09-28 15:37:09,1399,Venta Llave Almacén /verduleria con 6 Años,12500.0,"Cordón, Montevideo",Alimentos y Bebidas,Verdulerias,https://negozona.com.uy/anuncios/1399
2026-09-28 15:37:09,1400,⭐ OPORTUNIDAD ÚNICA EN POCITOS | LAVANDERÍA 5,42000.0,"Pocitos, Montevideo",Servicios,Lavanderías,https://negozona.com.uy/anuncios/1400
2026-09-28 15:37:15,691,Importadora de Movilidad Eléctrica,90000.0,"Centro, Montevideo",Automóviles y Rodados,Otros,https://negozona.com.uy/anuncios/691
2026-09-28 15:37:24,985,INDUSTRIA PANIFICADORA,290000.0,"Cordón, Montevideo",Alimentos y Bebidas,Panaderías,https://negozona.com.uy/anuncios/985
2026-09-28 15:37:19,453,Restaurante de Sushi,80000.0,"Ciudad Vieja, Montevideo",Gastronomía,Restaurantes,https://negozona.com.uy/anuncios/453
2026-09-28 15:37:17,1232,Marlon Bar en Pleno Punta Carretas,30000.0,"Punta Carretas, Montevideo",Gastronomía,Bar,https://negozona.com.uy/anuncios/1232
2026-09-28 15:37:14,563,"Venta de Llave, Negocio Funcionando",18500.0,"Reducto, Montevideo",Gastronomía,Rotiserías,https://negozona.com.uy/anuncios/563
2026-09-28 15:37:09,1408,Venta de Llave de Bar en Cordón,,"Cordón, Montevideo",Gastronomía,Bar,https://negozona.com.uy/anuncios/1408
2026-09-28 15:37:24,458,Vendo Llave De Salon De Fiestas,25000.0,"Cerrito de la Victoria, Montevideo",Deportes y Ocio,Salón de Juegos,https://negozona.com.uy/anuncios/458
2026-09-28 15:37:14,1199,Llave de Negocio Venta - Pizzería y Rotisería,29000.0,"Prado, Montevideo",Gastronomía,Pizzerias,https://negozona.com.uy/anuncios/1199
2026-09-28 15:37:28,1268,Oportunidad de Venta Llave Restaurante,30000.0,"Ciudad Vieja, Montevideo",Gastronomía,Restaurantes,https://negozona.com.uy/anuncios/1268
2026-09-28 15:37:24,1271,LLAVE DE NEGOCIO GASTRONOMICO,40000.0,"Cordón, Montevideo",Alimentos y Bebidas,Otros,https://negozona.com.uy/anuncios/1271
2026-09-28 15:37:12,1096,VENTA LLAVE DE NEGOCIO ACTIVO Y CONSOLIDADO,50000.0,"Prado, Montevideo",Indumentaria y Moda,Perfumerías,https://negozona.com.uy/anuncios/1096
2026-09-28 15:37:12,1155,Invertí en Un Negocio Probado: BAGELS,290000.0,"Cordón, Montevideo",Alimentos y Bebidas,Otros,https://negozona.com.uy/anuncios/1155
2026-09-28 15:37:16,697,Oportunidad | Resto Pub en Venta,25000.0,"Pocitos, Montevideo",Gastronomía,Pub,https://negozona.com.uy/anuncios/697
2026-09-28 15:37:16,1285,Llave de Óptica en Venta Negocio,25000.0,"Tres Cruces, Montevideo",Salud,Ópticas,https://negozona.com.uy/anuncios/1285
2026-09-28 15:37:09,319,Llave de Second Hand,10000.0,"Ciudad de la Costa, Canelones",Indumentaria y Moda,Indumentaria Varios,https://negozona.com.uy/anuncios/319
2026-09-28 15:37:14,1287,LLAVE HISTÓRICA PELUQUERÍA Y CENTRO ESTÉTICO,30000.0,"Buceo, Montevideo",Servicios,Peluquerias,https://negozona.com.uy/anuncios/1287
2026-09-28 15:37:12,915,Lubricentro Piriapolis,50000.0,"Piriápolis, Maldonado",Automóviles y Rodados,Lubricentro,https://negozona.com.uy/anuncios/915
2026-09-28 15:37:28,660,Venta de Llave Almacen Minimercado,59000.0,"Aires Puros, Montevideo",Alimentos y Bebidas,Almacenes,https://negozona.com.uy/anuncios/660
2026-09-28 15:37:19,587,Oportunidad | Cafeterías + Planta Elaboración,,"Pocitos, Montevideo",Gastronomía,Café,https://negozona.com.uy/anuncios/587
2026-09-28 15:37:09,1343,¡OPORTUNIDAD! Llave de Reconocida Cafetería,1.0,"Pocitos, Montevideo",Gastronomía,Café,https://negozona.com.uy/anuncios/1343
2026-09-28 15:37:22,1357,LLAVE O FONDO DE NEGOCIO,7000.0,"Unión, Montevideo",Servicios,Peluquerias,https://negozona.com.uy/anuncios/1357
2026-09-28 15:37:22,455,Vendo Llave de Pizzeria y Rotisería,9500.0,"Cerrito de la Victoria, Montevideo",Gastronomía,Pizzerias,https://negozona.com.uy/anuncios/455
2026-09-28 15:37:16,639,Pizzería en Venta! Oportunidad!,15000.0,"Sayago, Montevideo",Gastronomía,Pizzerias,https://negozona.com.uy/anuncios/639
2026-09-28 15:37:17,1370,🚨 VENTA DE FONDO DE COMERCIO ÓPTICA EN FUNCI,18000.0,"Cordón, Montevideo",Salud,Ópticas,https://negozona.com.uy/anuncios/1370
2026-09-28 15:37:16,771,Excelente Oportunidad | Óptica Funcionando,23000.0,"Cordón, Montevideo",Salud,Ópticas,https://negozona.com.uy/anuncios/771
2026-09-28 15:37:16,593,Pizzeria y Restoran en Venta!,38000.0,"Salinas, Canelones",Gastronomía,Pizzerias,https://negozona.com.uy/anuncios/593
2026-09-28 15:37:14,1294,Traspaso Llave Peluquería Muy Rentable,43000.0,"Piedras Blancas, Montevideo",Servicios,Peluquerias,https://negozona.com.uy/anuncios/1294
2026-09-28 15:37:21,804,VENTA DE LLAVE LOCAL GASTRONOMICO,45000.0,"Ciudad Vieja, Montevideo",Gastronomía,Restaurantes,https://negozona.com.uy/anuncios/804
2026-09-28 15:37:26,1230,"Restaurante, Cafeteria, Bar en Venta!!",50000.0,"Cordón, Montevideo",Gastronomía,Bar,https://negozona.com.uy/anuncios/1230
2026-09-28 15:37:12,1298,Venta de Panadería con Amplia Trayectoria!,70000.0,"Barros Blancos, Canelones",Alimentos y Bebidas,Panaderías,https://negozona.com.uy/anuncios/1298
2026-09-28 15:37:14,997,Excelente Oportunidad Equipos Españoles,,"Pocitos, Montevideo",Industria y Manufactura,Productos para el Hogar,https://negozona.com.uy/anuncios/997
2026-09-28 15:37:14,1292,PANADERIA OMBU LOCAL y PLANTA DE ELABORACIÓN,,"Sauce, Canelones",Alimentos y Bebidas,Panaderías,https://negozona.com.uy/anuncios/1292
2026-09-28 15:37:24,520,Venta de Negocio en Argentina! Reparto Gas,,"Centro, Montevideo",Servicios,Otros,https://negozona.com.uy/anuncios/520
2026-09-28 15:37:28,1356,Oportunidad de Inversión - Red Gastronómica,,"Pocitos, Montevideo",Gastronomía,Comidas Rápidas,https://negozona.com.uy/anuncios/1356
2026-09-28 15:37:28,1174,Llave de Negocio – Homeopatía - Venta,75000.0,"Malvín, Montevideo",Salud,Homeopatia,https://negozona.com.uy/anuncios/1174
2026-09-28 15:37:21,1240,Venta Veterinaria: 10 Años de Trayectoria,30000.0,"Ciudad del Plata, San José",Animales y Agro,Veterinaria,https://negozona.com.uy/anuncios/1240
2026-09-28 15:37:17,1333,VENTA LLAVE FERRETERIA - + 30 AÑOS DE GESTION,35000.0,"Centro, Montevideo",Hogar y Exteriores,Ferreterías,https://negozona.com.uy/anuncios/1333
2026-09-28 15:37:21,953,MARCA de Indumentaria Infantil,35000.0,"Uruguay, Uruguay",Indumentaria y Moda,Bebes y Niños,https://negozona.com.uy/anuncios/953
2026-09-28 15:37:26,707,Taller de Alineación Balanceo Mecánica Gral,80000.0,"Centro, Montevideo",Automóviles y Rodados,Taller Mecánico,https://negozona.com.uy/anuncios/707
2026-09-28 15:37:09,1369,"VENTA, LLAVE LOCAL DE ROPA EN FUNCIONAMIENTO",10000.0,"Pocitos, Montevideo",Indumentaria y Moda,Ropa para Mujeres,https://negozona.com.uy/anuncios/1369
2026-09-28 15:37:19,1083,Venta de Llave de Negocio!!,12000.0,"Pando, Canelones",Indumentaria y Moda,Otros,https://negozona.com.uy/anuncios/1083
2026-09-28 15:37:09,1409,Vendo Llave de Negocio Funcionando,15000.0,"Young, Río Negro",Indumentaria y Moda,Indumentaria Varios,https://negozona.com.uy/anuncios/1409
2026-09-28 15:37:12,1205,NEGOCIO DE VENTA DE DECO Y BAZAR MONTEVIDEO,19900.0,"Pocitos, Montevideo",Hogar y Exteriores,Mueblería,https://negozona.com.uy/anuncios/1205
2026-09-28 15:37:17,949,"Traspaso Llave Hotel En Juan Lacaze, Colonia.",49000.0,"Juan L. Lacaze, Colonia",Turismo y Hotelería,Hoteles y Alojamiento,https://negozona.com.uy/anuncios/949
2026-09-28 15:37:12,838,"Salón de Eventos Funcionando , Parque Rodo",110000.0,"Parque Rodó, Montevideo",Gastronomía,Otros,https://negozona.com.uy/anuncios/838
2026-09-28 15:37:21,572,Venta Llave de Panadería y Confiteria Malvín,250000.0,"Malvín, Montevideo",Gastronomía,Rotiserías,https://negozona.com.uy/anuncios/572
2026-09-28 15:37:28,1355,Local Gastronomico,265000.0,"Pocitos, Montevideo",Gastronomía,Otros,https://negozona.com.uy/anuncios/1355
2026-09-28 15:37:17,462,Polarizados Eben-Ezer,15000.0,"Las Piedras, Canelones",Servicios,Otros,https://negozona.com.uy/anuncios/462
2026-09-28 15:37:12,1394,Negocio Gastronómico en Venta | Ciudad Vieja,23000.0,"Ciudad Vieja, Montevideo",Gastronomía,Otros,https://negozona.com.uy/anuncios/1394
2026-09-28 15:37:21,757,Venta de Llave Importante Punto Comercial,30000.0,"Maldonado, Maldonado",Indumentaria y Moda,Bazar / Regalos,https://negozona.com.uy/anuncios/757
2026-09-28 15:37:24,1316,MARCA DE ROPA FEMENINA URUGUAYA CON STOCK,45000.0,"Punta Carretas, Montevideo",Indumentaria y Moda,Ropa para Mujeres,https://negozona.com.uy/anuncios/1316
2026-09-28 15:37:13,1296,Venta Llave Cafetería-Resto Alta Rentabilidad,75000.0,"Cordón, Montevideo",Gastronomía,Restaurantes,https://negozona.com.uy/anuncios/1296
2026-09-28 15:37:16,1279,¡Oportunidad Única! Se Vende Gimnasio Activo,,"Durazno, Durazno",Deportes y Ocio,Gimnasios,https://negozona.com.uy/anuncios/1279
2026-09-28 15:37:16,815,NEGOCIO ARMADO DE ALQUILER DE VESTIDOS,9600.0,"Centro, Montevideo",Indumentaria y Moda,Ropa para Mujeres,https://negozona.com.uy/anuncios/815
2026-09-28 15:37:09,726,NEGOCIO DE TRANSPORTE LOGISTICO REMOTO,25000.0,"La Blanqueada, Montevideo",Servicios,Logistica,https://negozona.com.uy/anuncios/726
2026-09-28 15:37:16,209,Residencia Estudiantil Montevideo,25000.0,"Tres Cruces, Montevideo",Servicios,Inmobiliarias,https://negozona.com.uy/anuncios/209
2026-09-28 15:37:28,978,Lavadero Ecológico Móvil,28000.0,"Aires Puros, Montevideo",Servicios,Otros,https://negozona.com.uy/anuncios/978
2026-09-28 15:37:14,509,Llave de Comercio Congelados con Más de 7años,29000.0,"Buceo, Montevideo",Alimentos y Bebidas,Otros,https://negozona.com.uy/anuncios/509
2026-09-28 15:37:28,659,Venta de Llave de Almacén,30000.0,"Nuevo París, Montevideo",Alimentos y Bebidas,Almacenes,https://negozona.com.uy/anuncios/659
2026-09-28 15:37:21,1331,TRASPASO LLAVE DE LOCAL,32000.0,"Parque Rodó, Montevideo",Gastronomía,Pub,https://negozona.com.uy/anuncios/1331
2026-09-28 15:37:09,214,Llave de Negocio Restaurante Americano,35000.0,"Punta Carretas, Montevideo",Gastronomía,Restaurantes,https://negozona.com.uy/anuncios/214
2026-09-28 15:37:14,722,Venta de RestoBar en Palermo,38000.0,"Palermo, Montevideo",Gastronomía,Restaurantes,https://negozona.com.uy/anuncios/722
2026-09-28 15:37:17,693,Rotiseria y Comidas Al Paso,40000.0,"Flor de Maroñas, Montevideo",Gastronomía,Rotiserías,https://negozona.com.uy/anuncios/693
2026-09-28 15:37:19,1032,Llave de Bar y Pizzeria,40000.0,"La Blanqueada, Montevideo",Gastronomía,Pizzerias,https://negozona.com.uy/anuncios/1032
2026-09-28 15:37:22,1193,CAFETERIA EN CIUDAD VIEJA,40000.0,"Ciudad Vieja, Montevideo",Gastronomía,Café,https://negozona.com.uy/anuncios/1193
2026-09-28 15:37:28,735,Centro Estético,40000.0,"Buceo, Montevideo",Salud,Centro de Estética,https://negozona.com.uy/anuncios/735
2026-09-28 15:37:14,1380,VENTA LLAVE DE FERRETERIA,60000.0,"La Blanqueada, Montevideo",Hogar y Exteriores,Ferreterías,https://negozona.com.uy/anuncios/1380
2026-09-28 15:37:24,1229,Oportunidad De Inversión Local Gastronómico E,65000.0,"Pocitos, Montevideo",Gastronomía,Pub,https://negozona.com.uy/anuncios/1229
2026-09-28 15:37:24,1327,Venta de Institución Educativa en Montevideo,100000.0,"Villa Española, Montevideo",Educación y Oficina,Colegio,https://negozona.com.uy/anuncios/1327
2026-09-28 15:37:13,1141,Residencial de Ancianos Venta con Propiedad!,220000.0,"Unión, Montevideo",Salud,Residencia Adultos,https://negozona.com.uy/anuncios/1141
2026-09-28 15:37:12,863,Llave de Ferretería en Venta!!,45000.0,"Maldonado, Maldonado",Hogar y Exteriores,Ferreterías,https://negozona.com.uy/anuncios/863
2026-09-28 15:37:17,385,"VENTA AUTOSERVICE , ZONA BLANQUEADA",59000.0,"La Blanqueada, Montevideo",Alimentos y Bebidas,Almacenes,https://negozona.com.uy/anuncios/385
2026-09-28 15:37:09,1342,Pensión en Venta | Excelente Oportunidad,550000.0,"Santa Lucía, Canelones",Turismo y Hotelería,Hoteles y Alojamiento,https://negozona.com.uy/anuncios/1342
2026-09-28 15:37:28,885,FRANQUICIA CADENA GASTRONOMICA INTERNACIONAL,80000.0,"Unión, Montevideo",Gastronomía,Comidas Rápidas,https://negozona.com.uy/anuncios/885
2026-09-28 15:37:17,1114,Venta de Llaves de Negocio Gastonomico,6000.0,"Reducto, Montevideo",Alimentos y Bebidas,Reposterías,https://negozona.com.uy/anuncios/1114
2026-09-28 15:37:09,1300,Tienda Online Sex Shop en Venta,9500.0,"Pocitos, Montevideo",Servicios,Otros,https://negozona.com.uy/anuncios/1300
2026-09-28 15:37:22,1031,Venta Llave De Cafeteria Moderna En Centro Tu,12500.0,"Ciudad Vieja, Montevideo",Alimentos y Bebidas,Otros,https://negozona.com.uy/anuncios/1031
2026-09-28 15:37:24,407,Restobar Pizzería en Venta,15000.0,"Aguada, Montevideo",Gastronomía,Pizzerias,https://negozona.com.uy/anuncios/407
2026-09-28 15:37:17,803,Cafetería/bar/rotiseria/ Negocio de Comidas,18000.0,"Centro, Montevideo",Gastronomía,Rotiserías,https://negozona.com.uy/anuncios/803
2026-09-28 15:37:17,903,VENTA DE LLAVE CERVECERÍA ARTESANAL,19900.0,"Buceo, Montevideo",Gastronomía,Cervecería,https://negozona.com.uy/anuncios/903
2026-09-28 15:37:26,235,Venta de Negocio de Restaurante y Pizzería,30000.0,"San Jacinto, Canelones",Gastronomía,Restaurantes,https://negozona.com.uy/anuncios/235
2026-09-28 15:37:12,1360,"Venta de Quesería, Fiambrería y Productos!!",32000.0,"Ciudad de la Costa, Canelones",Alimentos y Bebidas,Fiambreria,https://negozona.com.uy/anuncios/1360
2026-09-28 15:37:22,1329,Imperdible Oportunidad!!!,35000.0,"Punta del Este, Maldonado",Alimentos y Bebidas,Otros,https://negozona.com.uy/anuncios/1329
2026-09-28 15:37:09,1099,PIBE'S VENDE SU MERCADERÍA Y PUNTO DE VENTA,39000.0,"Punta del Este, Maldonado",Indumentaria y Moda,Bebes y Niños,https://negozona.com.uy/anuncios/1099
2026-09-28 15:37:09,1376,Venta Llave de Cafetería de Especialidad!!,45000.0,"Pocitos, Montevideo",Gastronomía,Café,https://negozona.com.uy/anuncios/1376
2026-09-28 15:37:12,207,Llave de Negocio de Almacén en Venta,45000.0,"Cordón, Montevideo",Alimentos y Bebidas,Almacenes,https://negozona.com.uy/anuncios/207
2026-09-28 15:37:16,1348,Venta de Negocio Gastronómico en Carrasco!,45000.0,"Carrasco, Montevideo",Gastronomía,Comidas Rápidas,https://negozona.com.uy/anuncios/1348
2026-09-28 15:37:17,994,Adquiere Gran Café La Giralda! ☕,45000.0,"Centro, Montevideo",Gastronomía,Rotiserías,https://negozona.com.uy/anuncios/994
2026-09-28 15:37:12,864,Clínica Medica en Venta!,48000.0,"La Blanqueada, Montevideo",Salud,Centro de Estética,https://negozona.com.uy/anuncios/864
2026-09-28 15:37:19,1373,Llave de Pollería y Fiambrería en Venta,48500.0,"Carrasco, Montevideo",Alimentos y Bebidas,Pollería,https://negozona.com.uy/anuncios/1373
2026-09-28 15:37:22,800,Vendo Llave de Carniceria y Autoservis,50000.0,"Paso de la Arena, Montevideo",Alimentos y Bebidas,Carnicerias,https://negozona.com.uy/anuncios/800
2026-09-28 15:37:17,813,"Emblematico Cafe, El Mejor Punto en C.Vieja!",60000.0,"Ciudad Vieja, Montevideo",Gastronomía,Café,https://negozona.com.uy/anuncios/813
2026-09-28 15:37:26,1362,Llave Roti/Cafe Funcinando-Gran Rentabilidad,65000.0,"Palermo, Montevideo",Gastronomía,Rotiserías,https://negozona.com.uy/anuncios/1362
2026-09-28 15:37:28,980,SHOPPING COSTA URBANA- LLAVE LOC GASTRONOMICO,80000.0,"Ciudad de la Costa, Canelones",Gastronomía,Comidas Rápidas,https://negozona.com.uy/anuncios/980
2026-09-28 15:37:09,605,Gran Oportunidad | Llave de Almacén,90000.0,"Ciudad del Plata, San José",Alimentos y Bebidas,Almacenes,https://negozona.com.uy/anuncios/605
2026-09-28 15:37:09,1398,Restaurante Vegetariano en Maldonado | Venta,160000.0,"Maldonado, Maldonado",Gastronomía,Restaurantes,https://negozona.com.uy/anuncios/1398
2026-09-28 15:37:16,470,Llave de Negocio | Pañalera,200000.0,"Ansina, Tacuarembó",Indumentaria y Moda,Bebes y Niños,https://negozona.com.uy/anuncios/470
2026-09-28 15:37:16,766,"Sophia Style, Tienda de Ropa, Marcas de Gran",29000.0,"Pocitos, Montevideo",Indumentaria y Moda,Ropa para Mujeres,https://negozona.com.uy/anuncios/766
2026-09-28 15:37:24,1367,MICRO ESCOLAR VOLARE 36 NIÑ CHAPA RECORRIDO,65000.0,"Carrasco, Montevideo",Servicios,Agencias de Transportes,https://negozona.com.uy/anuncios/1367
2026-09-28 15:37:19,1039,Llave de Panaderia,100000.0,"Villa del Cerro, Montevideo",Gastronomía,Rotiserías,https://negozona.com.uy/anuncios/1039
2026-09-28 15:37:19,753,Agencia ABITAB en Venta,139000.0,"Jacinto Vera, Montevideo",Servicios,Otros,https://negozona.com.uy/anuncios/753
2026-09-28 15:37:12,437,Agencia de Transporte,290000.0,"Aires Puros, Montevideo",Servicios,Agencias de Transportes,https://negozona.com.uy/anuncios/437
2026-09-28 15:37:19,832,"Perfumería, Pañalera, Arts Limpieza | Venta",14500.0,"Carrasco, Montevideo",Indumentaria y Moda,Perfumerías,https://negozona.com.uy/anuncios/832
2026-09-28 15:37:12,1335,Venta de Llaves de Negocio – Mini Mercado,25000.0,"Pocitos, Montevideo",Alimentos y Bebidas,Almacenes,https://negozona.com.uy/anuncios/1335
2026-09-28 15:37:24,883,Vivero Productor y Planta de Compost,25000.0,"Young, Río Negro",Hogar y Exteriores,Jardines y Exteriores,https://negozona.com.uy/anuncios/883
2026-09-28 15:37:28,912,Venta de Llave | Indumentaria y Calzado Niños,35000.0,"Florida, Florida",Indumentaria y Moda,Bebes y Niños,https://negozona.com.uy/anuncios/912
2026-09-28 15:37:09,1212,Tienda de Bebidas en Venta!,40000.0,"Rocha, Rocha",Alimentos y Bebidas,Vinotecas,https://negozona.com.uy/anuncios/1212
2026-09-28 15:37:16,249,Residencia Estudiantil Boutique,235000.0,"Palermo, Montevideo",Turismo y Hotelería,Hoteles y Alojamiento,https://negozona.com.uy/anuncios/249
2026-09-28 15:37:24,1190,Se Vende Marca de Ropa Consolidada - BAGGY,6000.0,"Ciudad de la Costa, Canelones",Indumentaria y Moda,Ropa para Hombres,https://negozona.com.uy/anuncios/1190
2026-09-28 15:37:24,624,Vendo Salón de Manicure - @ailin.mary.nails,8000.0,"Pocitos, Montevideo",Servicios,Peluquerias,https://negozona.com.uy/anuncios/624
2026-09-28 15:37:09,995,Venta de Llave de Restaurante!!,20000.0,"Ciudad de la Costa, Canelones",Gastronomía,Restaurantes,https://negozona.com.uy/anuncios/995
2026-09-28 15:37:16,950,Peluquería Punta del Este,30000.0,"Punta del Este, Maldonado",Servicios,Peluquerias,https://negozona.com.uy/anuncios/950
2026-09-28 15:37:09,1301,Los Girasoles 2,45000.0,"Aguada, Montevideo",Alimentos y Bebidas,Almacenes,https://negozona.com.uy/anuncios/1301
2026-09-28 15:37:26,1184,"Se Vende Llave de Local, Listo para Trabajar",48000.0,"Maldonado, Maldonado",Indumentaria y Moda,Indumentaria Varios,https://negozona.com.uy/anuncios/1184
2026-09-28 15:37:28,794,Autoservice en Venta | Pque del Plata,52000.0,"Parque del Plata, Canelones",Alimentos y Bebidas,Almacenes,https://negozona.com.uy/anuncios/794
2026-09-28 15:37:24,984,Llave de Taller de Calzado y Zapatería,,"Cordón, Montevideo",Indumentaria y Moda,Zapaterias,https://negozona.com.uy/anuncios/984
2026-09-28 15:37:17,635,Venta Llave Lavadero de Ropas,9000.0,"Maldonado, Maldonado",Servicios,Lavanderías,https://negozona.com.uy/anuncios/635
2026-09-28 15:37:21,756,EMPRENDE EN EL MUNDO DE LAS INFUSIONES,9900.0,"Durazno, Durazno",Alimentos y Bebidas,Otros,https://negozona.com.uy/anuncios/756
2026-09-28 15:37:17,434,Llave de Negocio | Bazar,17500.0,"Prado, Montevideo",Hogar y Exteriores,Cocina,https://negozona.com.uy/anuncios/434
2026-09-28 15:37:16,857,Negocio de Estética en Venta!!,20000.0,"Salto, Salto",Salud,Centro de Estética,https://negozona.com.uy/anuncios/857
2026-09-28 15:37:28,1349,"Venta Llave de Papelería, Imprenta | La Teja",20000.0,"La Teja, Montevideo",Educación y Oficina,Papeleras,https://negozona.com.uy/anuncios/1349
2026-09-28 15:37:28,1014,Fabrica de Adoquines y Ladrillos Lego,29000.0,"Nuevo París, Montevideo",Industria y Manufactura,Autopartes,https://negozona.com.uy/anuncios/1014
2026-09-28 15:37:28,879,"Negocio Papelería, Jugueteria, Fotocopias",38000.0,"Maldonado, Maldonado",Educación y Oficina,Papeleras,https://negozona.com.uy/anuncios/879
2026-09-28 15:37:12,721,Llave de Restaurante en Venta,55000.0,"Ansina, Tacuarembó",Gastronomía,Comidas Rápidas,https://negozona.com.uy/anuncios/721
2026-09-28 15:37:22,631,Venta Llave Indumentaria Femenina,60000.0,"Punta del Este, Maldonado",Indumentaria y Moda,Ropa para Mujeres,https://negozona.com.uy/anuncios/631
2026-09-28 15:37:12,1094,Sub Agencia Redpagos y Cambio,65000.0,"Aguada, Montevideo",Servicios,Agencias de Transportes,https://negozona.com.uy/anuncios/1094
2026-09-28 15:37:26,1264,Llave de Negocio Restaurante y Rotisería PDE,65000.0,"Punta del Este, Maldonado",Gastronomía,Restaurantes,https://negozona.com.uy/anuncios/1264
2026-09-28 15:37:21,895,Kiosko en Venta en Parque Batlle!,68000.0,"Parque Batlle, Montevideo",Alimentos y Bebidas,Kioskos,https://negozona.com.uy/anuncios/895
2026-09-28 15:37:24,389,Parador Restaurant en Venta,70000.0,"Sarandí Grande, Florida",Gastronomía,Restaurantes,https://negozona.com.uy/anuncios/389
2026-09-28 15:37:26,891,IMPERDIBLE AUTOSERVICIO,70000.0,"La Figurita, Montevideo",Alimentos y Bebidas,Supermercados,https://negozona.com.uy/anuncios/891
2026-09-28 15:37:24,941,Alquiladora de Indumentaria para Fiestas!!,79000.0,"San José de Mayo, San José",Indumentaria y Moda,Indumentaria Varios,https://negozona.com.uy/anuncios/941
2026-09-28 15:37:17,1076,VENTA DE LLAVE LOCAL GASTRONOMICA EN PDE,80000.0,"Punta del Este, Maldonado",Gastronomía,Bar,https://negozona.com.uy/anuncios/1076
2026-09-28 15:37:19,1371,VENTA DE LLAVE -Cafetería Totalmente Equipada,80000.0,"Punta Carretas, Montevideo",Gastronomía,Café,https://negozona.com.uy/anuncios/1371
2026-09-28 15:37:28,932,Llave de Carnicería en Venta!,80000.0,"Cerrito de la Victoria, Montevideo",Alimentos y Bebidas,Carnicerias,https://negozona.com.uy/anuncios/932
2026-09-28 15:37:14,772,Venta de Llave de Almacén 24hs en Montevideo,88000.0,"Centro, Montevideo",Alimentos y Bebidas,Almacenes,https://negozona.com.uy/anuncios/772
2026-09-28 15:37:26,1080,"Venta Llave de Negocio Hostel, Hoteleria",89000.0,"Cordón, Montevideo",Turismo y Hotelería,Hoteles y Alojamiento,https://negozona.com.uy/anuncios/1080
2026-09-28 15:37:26,970,Llave de Restaurante en La Barra,90000.0,"Punta del Este, Maldonado",Gastronomía,Restaurantes,https://negozona.com.uy/anuncios/970
2026-09-28 15:37:28,796,Clínica Estética +estudio de Pilates Reformer,95000.0,"Centro, Montevideo",Salud,Centro de Estética,https://negozona.com.uy/anuncios/796
2026-09-28 15:37:26,890,SUPERMERCADO CON CARNICERIA,105000.0,"Ciudad Vieja, Montevideo",Alimentos y Bebidas,Supermercados,https://negozona.com.uy/anuncios/890
2026-09-28 15:37:17,386,Llave de Negocio | Almacén en Venta,110000.0,"Cerrito de la Victoria, Montevideo",Alimentos y Bebidas,Almacenes,https://negozona.com.uy/anuncios/386
2026-09-28 15:37:12,473,Confiteria y Catering,150000.0,"Centro, Montevideo",Gastronomía,Servicios de Catering,https://negozona.com.uy/anuncios/473
2026-09-28 15:37:26,889,SUPERMERCADO CON CARNICERIA,165000.0,"Barrio Sur, Montevideo",Alimentos y Bebidas,Supermercados,https://negozona.com.uy/anuncios/889
2026-09-28 15:37:26,892,GRAN OPORTUNIDAD SUPERMERCADO CON CARNICERIA,175000.0,"Centro, Montevideo",Alimentos y Bebidas,Supermercados,https://negozona.com.uy/anuncios/892
2026-09-28 15:37:19,1001,Se Vende Empresa de Instalaciones,195000.0,"Tres Cruces, Montevideo",Servicios,Vigilancia y Seguridad,https://negozona.com.uy/anuncios/1001
2026-09-28 15:37:24,1365,Llave Local Comercial Importante Shopping,215000.0,"Pocitos, Montevideo",Tecnología y Media,Computación,https://negozona.com.uy/anuncios/1365
2026-09-28 15:37:09,1410,Estacionamiento y Lavadero Llaves en Venta,235000.0,"Centro, Montevideo",Automóviles y Rodados,Estacionamiento,https://negozona.com.uy/anuncios/1410
2026-09-28 15:37:12,1215,Empresa de Pet Shop en Venta en Colonia!,380000.0,"Colonia del Sacramento, Colonia",Animales y Agro,Pet Shop,https://negozona.com.uy/anuncios/1215
2026-09-28 15:37:16,156,Oportunidad! Autoservice y Panadería,380000.0,"Solís de Mataojo, Lavalleja",Alimentos y Bebidas,Almacenes,https://negozona.com.uy/anuncios/156
2026-09-28 15:37:12,479,Gimnasio en Punta Carretas,400000.0,"Punta Carretas, Montevideo",Deportes y Ocio,Gimnasios,https://negozona.com.uy/anuncios/479
2026-09-28 15:37:13,601,Complejo Turístico en Argentina! Oportunidad,490000.0,"Centro, Montevideo",Turismo y Hotelería,Hoteles y Alojamiento,https://negozona.com.uy/anuncios/601
2026-09-28 15:37:16,155,Oportunidad | Panadería y Autoservice,600000.0,"Barros Blancos, Canelones",Alimentos y Bebidas,Panaderías,https://negozona.com.uy/anuncios/155
2026-09-28 15:37:19,847,Comercio Exterior Especializado,750000.0,"Punta del Este, Maldonado",Salud,Otros,https://negozona.com.uy/anuncios/847
2026-09-28 15:37:14,1095,Traspaso de Alquiler Vivienda/negocio,,"Carrasco, Montevideo",Hogar y Exteriores,Jardines y Exteriores,https://negozona.com.uy/anuncios/1095
2026-09-28 15:37:14,1291,PANADERIA OMBU,,"Sauce, Canelones",Alimentos y Bebidas,Panaderías,https://negozona.com.uy/anuncios/1291
2026-09-28 15:37:14,765,Alquiler Consultorios para Emprendedores,,"Centro, Montevideo",Servicios,Peluquerias,https://negozona.com.uy/anuncios/765
2026-09-28 15:37:14,1044,"Vendo El 50% de Lubricentro, Gomeria.",,"Brazo Oriental, Montevideo",Automóviles y Rodados,Lubricentro,https://negozona.com.uy/anuncios/1044
2026-09-28 15:37:16,347,Oportunidad de Cervecería-resto VENTA/PERMUTA,,"Ciudad de la Costa, Canelones",Gastronomía,Cervecería,https://negozona.com.uy/anuncios/347
2026-09-28 15:37:17,393,Almacén de Congelados y Frutería,,"Barrio Sur, Montevideo",Alimentos y Bebidas,Almacenes,https://negozona.com.uy/anuncios/393
2026-09-28 15:37:19,1372,Agencia ABITAB en Venta!,,"Centro, Montevideo",Servicios,Otros,https://negozona.com.uy/anuncios/1372
2026-09-28 15:37:19,485,Venta de Negocio - Academia de Conducir,,"Parque Batlle, Montevideo",Automóviles y Rodados,Otros,https://negozona.com.uy/anuncios/485
2026-09-28 15:37:19,1111,Vendo Gimnasio Sector en Plena Expansion,,"Uruguay, Uruguay",Deportes y Ocio,Gimnasios,https://negozona.com.uy/anuncios/1111
2026-09-28 15:37:21,424,Restó de Sushi Punta Carretas | Oportunidad,,"Punta Carretas, Montevideo",Gastronomía,Restaurantes,https://negozona.com.uy/anuncios/424
2026-09-28 15:37:22,570,VENDO Todo para Armar Tu Propio Negocio,,"Jacinto Vera, Montevideo",Indumentaria y Moda,Ropa para Mujeres,https://negozona.com.uy/anuncios/570
2026-09-28 15:37:24,1326,Vendo Gimnasio.,,"Maldonado, Maldonado",Deportes y Ocio,Gimnasios,https://negozona.com.uy/anuncios/1326
2026-09-28 15:37:26,814,Venta de Reconocida Librería!!,,"Centro, Montevideo",Educación y Oficina,Librerías,https://negozona.com.uy/anuncios/814
2026-09-28 15:37:26,1130,"Venta Llave Ropa Int, Cosmética, Maquillaje",,"Salinas, Canelones",Indumentaria y Moda,Ropa Interior,https://negozona.com.uy/anuncios/1130
2026-09-28 15:37:26,743,Venta de Reconocida Empresa de Maldonado,,"Maldonado, Maldonado",Hogar y Exteriores,Electrodomesticos,https://negozona.com.uy/anuncios/743
2026-09-28 15:37:26,1125,Venta Llave de Gimnasio,,"Colonia del Sacramento, Colonia",Deportes y Ocio,Gimnasios,https://negozona.com.uy/anuncios/1125
2026-09-28 15:37:28,1073,Cancha Fútbol 5 - Colonia del Sacramento,,"Colonia del Sacramento, Colonia",Deportes y Ocio,Deportes y Fitness,https://negozona.com.uy/anuncios/1073
2026-09-28 15:37:28,783,CENTRO ESTETICO EN CARRASCO,,"Carrasco, Montevideo",Salud,Centro de Estética,https://negozona.com.uy/anuncios/783
